keys,vi,en
PROLOGUE_TITLE,Chương Mở Đầu,Prologue
PROLOGUE_NIGHTMARE_01,Bóng tối đặc quánh. Bạn không thể cử động.,The darkness is thick. You cannot move.
PROLOGUE_NIGHTMARE_02,Có thứ gì đó đang đứng ở cuối giường.,Something is standing at the foot of the bed.
PROLOGUE_NIGHTMARE_03,Nó cúi xuống... gần hơn... gần hơn nữa...,It leans down... closer... closer still...
PROLOGUE_NIGHTMARE_WAKE,Bạn bừng tỉnh. Mồ hôi lạnh ướt đẫm lưng áo.,You jolt awake. Cold sweat soaks your back.
PROLOGUE_WHISPER_01,"...trả lại cho ta...","...give it back to me..."
PROLOGUE_WHISPER_02,"...năm cái... đủ năm cái...","...five... all five..."
PROLOGUE_WHISPER_03,"...đừng nhìn lại phía sau...","...don't look behind you..."
PROLOGUE_WHISPER_HINT,Tiếng thì thầm vọng ra từ phía cánh cửa.,The whispering comes from the direction of the door.
PROLOGUE_NAILS_PROMPT,Kiểm tra vết đinh,Inspect the nail mark
PROLOGUE_NAIL_01,Vết đinh thứ nhất. Gỉ sét và còn rất mới.,The first nail mark. Rusty yet fresh.
PROLOGUE_NAIL_02,Vết đinh thứ hai. Gỗ quanh nó bị cào xước.,The second nail mark. The wood around it is scratched.
PROLOGUE_NAIL_03,Vết đinh thứ ba. Có vệt gì đó sẫm màu chảy xuống.,The third nail mark. Something dark has trickled down from it.
PROLOGUE_NAIL_04,Vết đinh thứ tư. Nó bị đóng từ phía bên trong.,The fourth nail mark. It was hammered in from the inside.
PROLOGUE_NAIL_05,Vết đinh thứ năm. Chiếc đinh đã biến mất.,The fifth nail mark. The nail is gone.
PROLOGUE_NAILS_PROGRESS,Đã kiểm tra {count}/5 vết đinh.,Inspected {count}/5 nail marks.
PROLOGUE_NAILS_DONE,Đủ năm vết. Tiếng thì thầm đột nhiên im bặt.,All five marks. The whispering suddenly stops.
PROMPT_INTERACT,Tương tác,Interact
PROMPT_EXAMINE,Xem xét,Examine
PROMPT_PICK_UP,Nhặt lên,Pick up
PROMPT_REMEMBER,Cố nhớ lại,Try to remember
MONOLOGUE_PROLOGUE_NAILS,"Năm cái đinh... Mình đã từng thấy chúng ở đâu đó rồi.","Five nails... I've seen them somewhere before."
MONOLOGUE_PROLOGUE_NIGHTMARE,"Không phải mơ. Cái bóng ấy... nó vẫn còn ở đây.","It wasn't a dream. That shadow... it's still here."
MONOLOGUE_HAIRPIN,"Chiếc kẹp tóc này... của ai? Sao tay mình lại run thế này?","This hairpin... whose is it? Why are my hands shaking?"
PROMPT_ACTION_PICKUP,[E] Nhặt lấy,[E] Pick up
PROMPT_ACTION_READ,[E] Đọc / Xem,[E] Read / Examine
ITEM_HAIRPIN_NAME,Kẹp tóc,Hairpin
ITEM_HAIRPIN_DESC,"Một chiếc kẹp tóc bằng đồng đã xỉn màu, đầu kẹp hơi cong như từng bị dùng để cạy khóa. Có vài sợi tóc dài vẫn còn vướng lại.","A tarnished brass hairpin, its tip bent as if used to pick a lock. A few long strands of hair are still caught in it."
ITEM_OLD_KEY_NAME,Chìa khóa cũ,Old key
ITEM_OLD_KEY_DESC,"Chìa khóa sắt nặng trịch, gỉ sét bám đầy răng chìa. Trên móc khắc mờ chữ ""H"". Có lẽ nó mở một cánh cửa dưới hầm.","A heavy iron key, its teeth crusted with rust. A faint ""H"" is carved into the bow. Perhaps it opens a door in the cellar."
DOC_DIARY_NAME,Sổ nhật ký,Diary
DOC_DIARY_PAGE_1,"Ngày 3 tháng 7.

Đêm qua lại nghe tiếng gõ từ phía cánh cửa. Năm tiếng, đều đặn như ai đó đang đóng đinh. Sáng ra mình kiểm tra, cửa vẫn khóa từ bên trong.","July 3rd.

Last night I heard the knocking at the door again. Five knocks, steady, like someone hammering nails. In the morning I checked: the door was still locked from the inside."
DOC_DIARY_PAGE_2,"Ngày 5 tháng 7.

Mẹ bảo đừng bao giờ nhặt kẹp tóc rơi trong nhà này. ""Của ai thì để người ấy tự quay về lấy."" Mình đã không nghe lời.","July 5th.

Mother said never to pick up a hairpin dropped in this house. ""Whoever it belongs to will come back for it."" I didn't listen."
DOC_DIARY_PAGE_3,"Ngày 6 tháng 7.

Tiếng thì thầm giờ ở ngay trong phòng. Nó đếm. Một... hai... ba...

Nếu ai đọc được những dòng này, đừng để nó đếm đến năm.","July 6th.

The whispering is inside the room now. It counts. One... two... three...

If anyone reads this, don't let it reach five."
UI_DOC_PAGE,Trang {current}/{total},Page {current}/{total}
UI_DOC_HINT,[A/D] Lật trang    [E/Esc] Gập sổ,[A/D] Turn page    [E/Esc] Close
UI_INSPECT_HINT,[1-5] Đổi vật phẩm    [E/Esc] Đóng,[1-5] Switch item    [E/Esc] Close
OBJ_SAFE_NAME,Két sắt,Safe
UI_OBJECTIVE,Mục tiêu,Objective
UI_OBJECTIVE_NEW,Mục tiêu mới,New objective
SPEAKER_AN,An,An
SPEAKER_MOTHER,Mẹ,Mother
SPEAKER_FATHER,Bố,Father
NPC_GIRL_NAME,Bé gái,Little girl
PROMPT_ACTION_ASK,[E] Hỏi thăm,[E] Ask
CAPTION_CRYING,(tiếng khóc thút thít),(soft sobbing)
CAPTION_BREATHING,(thở dốc),(gasping for breath)
CAPTION_WHISPER,(tiếng thì thầm vọng qua vách cửa),(whispers through the door)
CAPTION_FOOTSTEPS,(tiếng bước chân xa dần),(footsteps fading away)
OPENING_MONO_GIRL_NOTICE,Bé gái nào đằng kia thế nhỉ... nhìn bóng lưng sao quen thuộc quá...,Who's that little girl over there... why does her back look so familiar...
OPENING_AN_ASK_GIRL,Này em... sao em lại đứng đây khóc một mình thế?,Hey... why are you standing here crying all by yourself?
OPENING_MONO_COLD,Kỳ lạ thật... sao người con bé lại lạnh ngắt như tảng băng thế này?,Strange... why is she as cold as a block of ice?
OPENING_MONO_WAKE,Lại là giấc mơ đó... Suốt một tuần nay ngày nào mình cũng mơ thấy con bé... Nó rốt cuộc là ai?,That dream again... Every night for a week I've dreamed of that girl... Who is she?
OBJ_LISTEN_PARENTS,Lắng nghe cuộc nói chuyện bên ngoài.,Listen to the conversation outside.
OPENING_MOTHER_01,"Ông à, sắp tròn 7 năm rồi đấy... Chắc cuối tuần này phải về lại căn nhà cũ ở Thôn Đoài để trấn yểm lại thôi.",It's almost seven years now... We'll have to go back to the old house in Thôn Đoài this weekend and renew the binding.
OPENING_MOTHER_02,"Dạo này sức khỏe thằng An sút đi trông thấy, tôi lo quá...","An's health has gone downhill lately, I'm so worried..."
OPENING_FATHER_01,Tôi biết rồi. Đã hẹn với ông thầy bùa cuối tuần sau sang làm phép lại.,I know. I've arranged for the sorcerer to come and redo the ritual next weekend.
OPENING_FATHER_02,Địa chỉ chính xác của ngôi nhà cũ tôi ghi trong cuốn sổ trên bàn phòng khách rồi.,I wrote the old house's exact address in the notebook on the living room table.
OPENING_FATHER_03,"Thôi khuya rồi ngủ đi, chuyện này tuyệt đối không được để thằng An nó biết.","It's late, go to sleep. An must never find out about this."
OPENING_MONO_CALL_01,Trấn yểm? Bệnh tình của mình liên quan đến căn nhà cũ sao?,A binding? My illness has something to do with the old house?
OPENING_MONO_CALL_02,"Bố mẹ đang giấu mình chuyện gì chứ... Sáng mai chờ bố mẹ đi làm, mình nhất định phải tìm cuốn sổ đó.","What are they hiding from me... Tomorrow, once they've left for work, I have to find that notebook."
OBJ_FIND_NOTEBOOK,"Chờ trời sáng, tìm cuốn sổ ghi địa chỉ nhà cũ.","Wait for morning, then find the notebook with the old house's address."
MORNING_MONO_START,Đợi mãi bố mẹ mới đi vắng... Phải tranh thủ tìm kiếm thôi!,"Finally, Mom and Dad are out... I have to search while I can!"
OBJ_SEARCH_ROOM,Tìm kiếm manh mối trong phòng.,Search the room for clues.
OBJ_PILLOW_NAME,Gối nằm,Pillow
PROMPT_PILLOW_LIFT,[E] Nhấc gối,[E] Lift the pillow
ITEM_CABINET_KEY_NAME,Chìa khóa đồng,Brass key
ITEM_CABINET_KEY_DESC,"Chiếc chìa khóa đồng nhỏ, xỉn màu, giấu ngay dưới gối của mình. Ai đã đặt nó ở đây?","A small, tarnished brass key, hidden right under my own pillow. Who put it here?"
PROMPT_PICK_KEY,[E] Nhặt chìa khóa đồng,[E] Pick up the brass key
OBJ_DRAWER_NAME,Hộc bàn,Desk drawer
OBJ_DRAWER_LOCKED_NAME,Hộc bàn có khóa,Locked desk drawer
PROMPT_DRAWER_PULL,[E] Kéo hộc tủ,[E] Pull the drawer
PROMPT_DRAWER_PUSH,[E] Đẩy hộc tủ vào,[E] Push the drawer in
PROMPT_DRAWER_INSPECT_LOCK,[E] Xem ổ khóa,[E] Inspect the lock
MORNING_MONO_DRAWER_LOCKED,Hộc này bị khóa rồi... Phải có chìa mới mở được.,This drawer is locked... I need a key to open it.
UI_LOCK_TITLE,Ổ khóa hộc bàn,Drawer lock
UI_LOCK_HINT_NO_KEY,Cần chìa khóa để mở.    [E/Esc] Quay lại,It needs a key.    [E/Esc] Back
UI_LOCK_HINT_USE,[{slot}] Tra {item}    [E/Esc] Quay lại,[{slot}] Use {item}    [E/Esc] Back
ITEM_EXPENSE_BOOK_NAME,Sổ chi tiêu năm 1999,1999 expense book
ITEM_EXPENSE_BOOK_DESC,"Sổ chi tiêu gia đình năm 1999. Vài trang bị xé, trang nhiều trang ít... như có ai cố tình.","A family expense book from 1999. Some pages are torn out, some more than others... as if on purpose."
PROMPT_TAKE_BOOK,[E] Cầm xem cuốn sổ,[E] Take the notebook
MORNING_MONO_BOOK_FOUND,Sổ chi tiêu gia đình... nhưng sao lại là năm 1999?,A family expense book... but why from 1999?
MORNING_MONO_BOOK_TORN,"Trang thì xé sạch, trang chỉ mất một góc... Sao lại xé chỗ nhiều chỗ ít thế này?","One page ripped out completely, another missing just a corner... why tear them so unevenly?"
UI_BOOK_HINT,"[A/D] Lật trang    [E/Esc] Gấp sổ, cất vào người",[A/D] Turn page    [E/Esc] Close and keep it
EXPENSE_PAGE_1,"Tuần 1 - tháng Ba năm 1999

- Gạo 10 cân ............ 35.000đ
- Tiền chợ cả tuần ...... 70.000đ
- Dầu hỏa, diêm ............ 8.000đ
- Thuốc ho cho con ....... 12.000đ

Cộng: 125.000đ","Week 1 - March 1999

- Rice, 10 kg ............ 35,000đ
- Market, whole week ..... 70,000đ
- Kerosene, matches ....... 8,000đ
- Cough syrup for the kid 12,000đ

Total: 125,000đ"
EXPENSE_PAGE_2,"Tuần 2 - tháng Ba năm 1999

- Gạo 10 cân ............ 35.000đ
- Tiền chợ ................ 65.000đ
- Tiền điện ............... 22.000đ","Week 2 - March 1999

- Rice, 10 kg ............ 35,000đ
- Market .................. 65,000đ
- Electricity ............. 22,000đ"
EXPENSE_PAGE_3,"Tuần 3 - tháng Ba năm 1999

- Tiền chợ ................ 68.000đ
- Học phí cho con ......... 45.000đ
- Nước mắm, muối .......... 9.000đ
- Sửa xe đạp ............... 15.000đ

Cộng: 137.000đ","Week 3 - March 1999

- Market .................. 68,000đ
- School fees ............. 45,000đ
- Fish sauce, salt ......... 9,000đ
- Bicycle repair .......... 15,000đ

Total: 137,000đ"
EXPENSE_PAGE_4,"Tuần 4 - tháng Ba năm 1999

- Thuốc bắc cho con (3 thang) .. 60.000đ
- Tiền khám bệnh ......... 30.000đ
- Tiền chợ ................ 52.000đ
- Con sốt mãi không dứt","Week 4 - March 1999

- Herbal medicine (3 doses) .. 60,000đ
- Doctor's visit ............ 30,000đ
- Market .................... 52,000đ
- The fever won't break"
EXPENSE_PAGE_5,"Tuần 1 - tháng Tư năm 1999

- Hương, nến .............. 10.000đ
- Gạo 10 cân ............ 35.000đ
- Thuốc cho con ........... 40.000đ
- Đêm nào con cũng khóc","Week 1 - April 1999

- Incense, candles ........ 10,000đ
- Rice, 10 kg ............ 35,000đ
- Medicine for the kid .... 40,000đ
- The kid cries every night"
EXPENSE_PAGE_6,"Tuần 2 - tháng Tư năm 1999

- Lễ thầy cúng ........... 150.000đ
- Chum sành (1 cái) ....... 40.000đ
- Đinh sắt (5 chiếc) ........ 2.000đ
- Vàng mã, gà luộc ........ 35.000đ

Cộng: 227.000đ","Week 2 - April 1999

- Shaman's ritual ......... 150,000đ
- Clay jar (one) ........... 40,000đ
- Iron nails (five) .......... 2,000đ
- Votive paper, boiled chicken 35,000đ

Total: 227,000đ"
EXPENSE_PAGE_7,"Tuần 3 - tháng Tư năm 1999

- Gạo 10 cân ............ 35.000đ
- Tiền chợ ................ 60.000đ
- Tiền xe về Thôn Đoài ..... 20.000đ

Cộng: 115.000đ","Week 3 - April 1999

- Rice, 10 kg ............ 35,000đ
- Market .................. 60,000đ
- Bus fare to Thôn Đoài .... 20,000đ

Total: 115,000đ"
PROMPT_SAFE_KEYPAD,[E] Nhập mật mã,[E] Enter the code
UI_KEYPAD_TITLE,Nhập mật mã,Enter code
UI_KEYPAD_HINT,[Mũi tên/WASD hoặc chuột] Chọn phím    [E] Bấm    [Esc] Thoát,[Arrows/WASD or mouse] Select    [E] Press    [Esc] Leave
UI_KEYPAD_CLEAR,C,C
UI_KEYPAD_OK,OK,OK
UI_SAFE_WRONG,SAI,WRONG
UI_SAFE_OPEN,MỞ,OPEN
ITEM_OLD_MONEY_NAME,Xấp tiền cũ,Stack of old money
ITEM_OLD_MONEY_DESC,"Một xấp tiền giấy cũ buộc dây chun, toàn tờ mệnh giá đã thôi lưu hành từ lâu.","A rubber-banded stack of old banknotes, all long out of circulation."
ITEM_ADDRESS_NOTE_NAME,Mảnh giấy ố vàng,Yellowed scrap of paper
ITEM_ADDRESS_NOTE_DESC,Mảnh giấy ố vàng ghi địa chỉ ngôi nhà cũ ở Thôn Đoài.,A yellowed scrap with the old house's address in Thôn Đoài.
PROMPT_PICK_NOTE,[E] Nhặt mảnh giấy,[E] Pick up the paper
DOC_ADDRESS_NOTE,Ngôi nhà cũ bên bờ sông - Thôn Đoài (Xây năm 1987),The old house by the river - Thôn Đoài (Built in 1987)
OBJ_RIDE_TO_THON_DOAI,"Ra bến xe, bắt chuyến xe khách về Thôn Đoài.","Head to the bus station and catch the bus to Thôn Đoài."
OBJ_BEDROOM_DOOR_NAME,Cửa phòng,Bedroom door
PROMPT_OPEN_DOOR,[E] Mở cửa,[E] Open the door
MORNING_MONO_DOOR_NOT_YET,Chưa được. Bố mẹ giấu thứ gì đó trong phòng này... mình phải tìm cho ra đã.,Not yet. Mum and Dad hid something in this room... I have to find it first.
BUS_CHAPTER_TITLE,Chương I - Chuyến xe cuối,Chapter I - The Last Bus
BUS_TITLE_PLACE,"Bến xe huyện, chuyến chiều về Thôn Đoài","District bus station, the afternoon bus to Thôn Đoài"
BUS_CAPTION_STATION,"(tiếng còi xe, tiếng rao lẫn trong tiếng động cơ)",(horns and hawkers' calls over the rumble of engines)
SPEAKER_CONDUCTOR,Phụ xe,Conductor
SPEAKER_OLD_WOMAN,Bà cụ,Old woman
SPEAKER_UNKNOWN,???,???
BUS_CONDUCTOR_CALL,"Thôn Đoài đây! Ai về Thôn Đoài lên xe nhanh, xe chạy bây giờ!","Thôn Đoài! Anyone for Thôn Đoài, get on, we're leaving now!"
BUS_MONO_INTRO,Bố mẹ chưa bao giờ nhắc đến Thôn Đoài. Vậy mà họ khóa địa chỉ ấy trong két sắt suốt bao nhiêu năm.,Mum and Dad never once mentioned Thôn Đoài. Yet they kept that address locked in a safe for all these years.
OBJ_FIND_SEAT,Tìm một chỗ trống và ngồi xuống.,Find an empty seat and sit down.
OBJ_BUS_SEAT_NAME,Ghế trống,Empty seat
PROMPT_SIT_DOWN,[E] Ngồi xuống,[E] Sit down
OBJ_BUS_RIDE,Ngồi yên chờ xe về đến Thôn Đoài.,Sit tight until the bus reaches Thôn Đoài.
BUS_CAPTION_ENGINE,"(động cơ rền lên, xe lắc lư lăn bánh)",(the engine roars and the bus lurches forward)
BUS_CONDUCTOR_ASK,Cháu xuống đâu?,Where are you getting off?
BUS_AN_ANSWER,"Dạ, cháu về Thôn Đoài.","Thôn Đoài, please."
BUS_CONDUCTOR_PAUSE,...Thôn Đoài à? Mấy năm nay chẳng mấy ai xuống bến ấy nữa.,...Thôn Đoài? Hardly anyone gets off there these days.
BUS_CONDUCTOR_LAST,"Bến cuối đấy. Cứ ngồi yên, đến nơi chú gọi.","It's the last stop. Sit tight, I'll call you when we get there."
BUS_OLD_WOMAN_ASK,Cháu về Thôn Đoài thăm ai đấy?,"Who are you visiting in Thôn Đoài, dear?"
BUS_AN_OLD_HOUSE,Dạ... cháu về xem lại ngôi nhà cũ của gia đình.,I'm... going to see my family's old house.
BUS_OLD_WOMAN_RIVER,Cái nhà bên bờ sông ấy hả...,The house by the river...
BUS_MONO_RIVER,Sao bà ấy biết là bên bờ sông...? Mình đã nói gì đâu.,How does she know it's by the river...? I never said.
BUS_OLD_WOMAN_SLEEP,Ngủ một giấc đi cháu. Đường về đấy còn xa lắm.,"Get some sleep, dear. It's a long way back there."
BUS_MONO_DROWSY,Tiếng máy xe đều đều... mí mắt mình nặng trĩu.,The engine drones on... my eyelids are so heavy.
BUS_MONO_FIGHT,Không được ngủ... không được...,Mustn't sleep... mustn't...
BUS_WHISPER_ARRIVED,...Đến bến rồi.,...We're here.
BUS_CAPTION_SILENCE,(im lặng. Gió rít qua khe cửa kính),(silence. Wind whistles through a crack in the glass)
BUS_MONO_WAKE,Xe dừng rồi sao...? Mọi người đâu cả rồi?,Have we stopped...? Where did everyone go?
BUS_MONO_DERELICT,Chiếc xe này... sao lại mục nát như bị bỏ hoang hàng chục năm?,"This bus... why is it rotten, like it's been abandoned for decades?"
OBJ_SEARCH_BUS,Tìm hiểu chuyện gì đã xảy ra trên xe.,Find out what happened on the bus.
ITEM_BUS_TICKET_NAME,Vé xe cũ,Old bus ticket
ITEM_BUS_TICKET_DESC,"Tấm vé xe khách ố vàng, tuyến về Thôn Đoài, ngày 14 tháng 4 năm 1999. Ghế số 07.","A yellowed bus ticket to Thôn Đoài, dated 14 April 1999. Seat 07."
PROMPT_PICK_TICKET,[E] Nhặt tấm vé,[E] Pick up the ticket
DOC_BUS_TICKET,"VÉ XE KHÁCH

Tuyến: Bến xe huyện - Thôn Đoài
Ngày: 14/04/1999
Ghế số: 07
Giá vé: 20.000đ

(Mặt sau, nét bút chì run rẩy: ""Đừng để nó ngủ."")","BUS TICKET

Route: District station - Thôn Đoài
Date: 14/04/1999
Seat: 07
Fare: 20,000đ

(On the back, in a shaky pencil hand: ""Don't let it fall asleep."")"
BUS_MONO_TICKET_SEEN,Trên ghế của bà cụ... có tờ giấy gì kia?,There's something on the old woman's seat...
BUS_MONO_TICKET,"Tháng Tư năm 1999... đúng tuần có dòng ""Tiền xe về Thôn Đoài"" trong sổ của mẹ.","April 1999... the same week as ""Bus fare to Thôn Đoài"" in Mum's book."
OBJ_OLD_HAT_NAME,Chiếc nón mục,Rotten conical hat
PROMPT_LOOK_CLOSER,[E] Xem kỹ,[E] Look closer
BUS_MONO_HAT,Nón của bà cụ... mục nát như đã nằm đây từ rất lâu rồi.,"The old woman's hat... rotted through, as if it's lain here for years."
OBJ_SEAT_STAINS_NAME,Vết thâm trên lưng ghế,Stains on the seat back
BUS_MONO_FIVE_STAINS,Năm vết thâm đen... đúng chỗ lưng mình vừa tựa vào.,Five dark stains... right where my back was resting.
OBJ_BUS_DOOR_NAME,Cửa xe,Bus door
PROMPT_OPEN_BUS_DOOR,[E] Mở cửa xe,[E] Open the bus door
BUS_MONO_DOOR_JAMMED,Kẹt cứng... như có ai ghì chặt từ bên ngoài.,It won't budge... as if someone's holding it shut from outside.
BUS_MONO_WHO,Ai... ai vừa đứng đó?,Who... who was standing there?
OBJ_ESCAPE_BUS,Tìm cách ra khỏi chiếc xe.,Find a way off the bus.
SIGN_BUS_STOP_THON_DOAI,BẾN THÔN ĐOÀI,THÔN ĐOÀI STOP
